{"AWS-Services": [
{"PutRequest": {"Item": {"Category": {"S": "Database"},  "Name": {"S": "Amazon Redshift"}, "Icon": {"S": "Database_AmazonRedshift"}}}},
{"PutRequest": {"Item": {"Category": {"S": "Database"}, "Acronym": {"S": "DMS"}, "Name": {"S": "AWS Database Migration Service"}, "Icon": {"S": "Database_AWSDatabaseMigrationService"}}}},
{"PutRequest": {"Item": {"Category": {"S": "Developer Tools"},  "Name": {"S": "AWS CodeCommit"}, "Icon": {"S": "Developer-Tools_AWSCodeCommit"}}}},
{"PutRequest": {"Item": {"Category": {"S": "Developer Tools"},  "Name": {"S": "AWS CodeDeploy"}, "Icon": {"S": "Developer-Tools_AWSCodeDeploy"}}}},
{"PutRequest": {"Item": {"Category": {"S": "Developer Tools"},  "Name": {"S": "AWS CodePipeline"}, "Icon": {"S": "Developer-Tools_AWSCodePipeline"}}}},
{"PutRequest": {"Item": {"Category": {"S": "Enterprise Applications"},  "Name": {"S": "Amazon WorkDocs"}, "Icon": {"S": "Enterprise-Applications_AmazonWorkDocs"}}}},
{"PutRequest": {"Item": {"Category": {"S": "Enterprise Applications"},  "Name": {"S": "Amazon WorkMail"}, "Icon": {"S": "Enterprise-Applications_AmazonWorkMail"}}}},
{"PutRequest": {"Item": {"Category": {"S": "Enterprise Applications"},  "Name": {"S": "Amazon WorkSpaces"}, "Icon": {"S": "Enterprise-Applications_AmazonWorkSpaces"}}}},
{"PutRequest": {"Item": {"Category": {"S": "Game Development"},  "Name": {"S": "Amazon Game Lift"}, "Icon": {"S": "Game-Development_AmazonGameLift"}}}},
{"PutRequest": {"Item": {"Category": {"S": "Internet Of Things"},  "Name": {"S": "AWS IOT"}, "Icon": {"S": "Internet-Of-Things_AWSIoT"}}}},
{"PutRequest": {"Item": {"Category": {"S": "Management Tools"},  "Name": {"S": "Amazon CloudWatch"}, "Icon": {"S": "Management-Tools_AmazonCloudWatch"}}}},
{"PutRequest": {"Item": {"Category": {"S": "Management Tools"},  "Name": {"S": "AWS CloudFormation"}, "Icon": {"S": "Management-Tools_AWSCloudFormation"}}}},
{"PutRequest": {"Item": {"Category": {"S": "Management Tools"},  "Name": {"S": "AWS CloudTrail"}, "Icon": {"S": "Management-Tools_AWSCloudTrail"}}}},
{"PutRequest": {"Item": {"Category": {"S": "Management Tools"},  "Name": {"S": "AWS Config"}, "Icon": {"S": "Management-Tools_AWSConfig"}}}},
{"PutRequest": {"Item": {"Category": {"S": "Management Tools"},  "Name": {"S": "AWS OpsWorks"}, "Icon": {"S": "Management-Tools_AWSOpsWorks"}}}},
{"PutRequest": {"Item": {"Category": {"S": "Management Tools"},  "Name": {"S": "AWS Service Catalog"}, "Icon": {"S": "Management-Tools_AWSServiceCatalog"}}}},
{"PutRequest": {"Item": {"Category": {"S": "Management Tools"},  "Name": {"S": "AWS Trusted Advisor"}, "Icon": {"S": "Management-Tools_AWSTrustedAdvisor"}}}},
{"PutRequest": {"Item": {"Category": {"S": "Mobile Services"},  "Name": {"S": "Amazon Cognito"}, "Icon": {"S": "Mobile-Services_AmazonCognito"}}}},
{"PutRequest": {"Item": {"Category": {"S": "Mobile Services"},  "Name": {"S": "Amazon Mobile Analytics"}, "Icon": {"S": "Mobile-Services_AmazonMobileAnalytics"}}}},
{"PutRequest": {"Item": {"Category": {"S": "Mobile Services"}, "Acronym": {"S": "SNS"}, "Name": {"S": "Amazon Simple Notification Service"}, "Icon": {"S": "Mobile-Services_AmazonSNS"}}}},
{"PutRequest": {"Item": {"Category": {"S": "Mobile Services"},  "Name": {"S": "AWS Device Farm"}, "Icon": {"S": "Mobile-Services_AWSDeviceFarm"}}}},
{"PutRequest": {"Item": {"Category": {"S": "Mobile Services"},  "Name": {"S": "AWS Mobile Hub"}, "Icon": {"S": "Mobile-Services_AWSMobileHub"}}}}]}